{
              " System Config": "Images/MainScreenImages/SystemConfigWhite.png",
              " App Config": "Images/MainScreenImages/ProductIcon.png",
              " Parameter": "Images/MainScreenImages/ProductIcon.png",
              " General": "Images/MainScreenImages/GeneralIcon.png",
              " Webhooks": "Images/MainScreenImages/Webhooks.png",
              " Account Settings": "Images/MainScreenImages/AccountSettings.png",
              " Profile": "Images/MainScreenImages/AccountIcon.png",
              " Preferences": "Images/MainScreenImages/AccountIcon.png",
              " Notification": "Images/MainScreenImages/AccountIcon.png",
              " User Information": "Images/MainScreenImages/AccountIcon.png",
              " Create New User": "Images/MainScreenImages/AccountIcon.png",
              " Advantages": "Images/MainScreenImages/AccountIcon.png",
              " Home": "Images/MainScreenImages/Home.png"
          }