{
  "Menu":[
            {
              " System Config": "btnSysConfig",

              " General": "btnGeneral",
              " Webhooks": "btnWebhooks",
              " Account Settings": "btnAccountSettings",
              " Profile": "btnAccountSettings",
              " Preferences": "btnAccountSettings",
              " Notification": "btnAccountSettings",
              " Advantages": "btnAccountSettings",
              " Home": "btnAccountSettings"
            }
          ],
  "System Config":[
            {
              " RS232": "btnRS232",

              " Input Settings": "btnInput",
              " Output Settings": "btnOutput",
              " Calibration": "btnCalibration",
              " Diagnostics": "btnDiagnostics"
            }
          ],

  "General":[
            {

              " Headers": "btnProduct",
              " Dashboard Custom": "btnProduct"

            }
          ],

  "Account Settings":[
            {
              " Profile Info": "btnSysConfig",
              " Language": "btnProduct",
              " Theme": "btnProduct",
              " Support": "btnProduct",
              " Create User": "btnProduct",
              " Email": "btnProduct"
            }
          ]
}