{
              "RS232": "btnRS232",
              "RS485": "btnRS485",
              "CAN": "btnCAN",
              "Ethernet": "btnEthernet",
              "Input Settings": "btnInput",
              "Output Settings": "btnOutput",
              "Calibration": "btnCalibration",
              "IO Diagnostics": "btnDiagnostics",
              "System Diagnostics": "btnSysDiagnostics",
              "Printer Config": "btnPrinterConfig",
              "COIN SENSOR": "btnCoinSensor"
            }