{
  "brightness": "/sys/waveshare/rpi_backlight",
  "buzzer": "/dev/buzzer",
  "rs232": "/dev/ttyAMA1",
  "rs485": "/dev/ttyAMA2",
  "rs232_0": "/dev/ttyAMA0",
  "rs232_2": "/dev/ttyAMA1",
  "rs232_3": "/dev/ttyAMA2",
  "rs485_3": "/dev/ttyAMA2",
  "rs232_5": "/dev/ttyAMA3",
  "rs485_5": "/dev/ttyAMA3",
  "can": "can0",
  "gpio_out": {
    "out_1": "/dev/chipsee-gpio1", 
    "out_2": "/dev/chipsee-gpio2", 
    "out_3": "/dev/chipsee-gpio3", 
    "out_4": "/dev/chipsee-gpio4"
  },
  "gpio_in": {
    "in_1": "/dev/chipsee-gpio5", 
    "in_2": "/dev/chipsee-gpio6", 
    "in_3": "/dev/chipsee-gpio7", 
    "in_4": "/dev/chipsee-gpio8"
  },
  "nics": {
    "wlan0": "dhcpcd",
    "eth0": "dhcpcd"
  }
}
